test_example_id,predicted_category
0,m
1,m
2,f
3,m
4,f
5,m
6,m
7,f
8,f
9,m
10,m
11,f
12,m
13,m
14,m
15,m
16,m
17,m
18,f
19,m
20,m
21,m
22,m
23,m
24,m
25,m
26,m
27,m
28,m
29,m
30,m
31,m
32,m
33,m
34,f
35,f
36,m
37,m
38,m
39,f
40,f
41,f
42,m
43,m
44,m
45,m
46,m
47,m
48,m
49,m
50,m
51,m
52,m
53,m
54,f
55,m
56,m
57,m
58,m
59,m
60,m
61,m
62,m
63,m
64,m
65,m
66,m
67,m
68,f
69,f
70,m
71,m
72,m
73,f
74,f
75,f
76,m
77,m
78,m
79,m
80,m
81,m
82,m
83,f
84,m
85,m
86,m
87,f
88,f
89,m
90,m
91,m
92,m
93,f
94,m
95,m
96,f
97,f
98,f
99,m
100,m
101,f
102,m
103,m
104,m
105,m
106,m
107,m
108,m
109,m
110,m
111,m
112,f
113,f
114,m
115,f
116,f
117,m
118,m
119,m
120,f
121,m
122,f
123,m
124,m
125,m
126,f
127,m
128,m
129,m
130,m
131,m
132,m
133,f
134,f
135,m
136,m
137,m
138,m
139,m
140,m
141,f
142,f
143,m
144,f
145,f
146,m
147,m
148,m
149,m
150,m
151,m
152,m
153,m
154,m
155,m
156,m
157,m
158,m
159,f
160,m
161,m
162,m
163,m
164,m
165,m
166,m
167,m
168,m
169,m
170,m
171,m
172,m
173,f
174,m
175,m
176,m
177,m
178,m
179,m
180,m
181,m
182,m
183,m
184,m
185,m
186,m
187,m
188,m
189,f
190,m
191,f
192,m
193,m
194,f
195,m
196,m
197,f
198,m
199,m
200,f
201,m
202,m
203,m
204,m
205,m
206,m
207,m
208,m
209,m
210,m
211,m
212,m
213,m
214,f
215,f
216,m
217,m
218,m
219,m
220,m
221,m
222,m
223,m
224,m
225,m
226,m
227,f
228,m
229,m
230,m
231,m
232,m
233,m
234,m
235,m
236,m
237,m
238,m
239,f
240,m
241,m
242,m
243,m
244,m
245,m
246,m
247,m
248,f
249,m
250,f
251,m
252,m
253,m
254,m
255,m
256,m
257,f
258,m
259,f
260,m
261,m
262,m
263,m
264,f
265,m
266,f
267,m
268,m
269,m
270,m
271,m
272,f
273,m
274,m
275,m
276,m
277,m
278,m
279,m
280,m
281,f
282,f
283,m
284,f
285,m
286,m
287,m
288,m
289,f
290,m
291,m
292,m
293,m
294,m
295,m
296,m
297,m
298,m
299,m
300,f
301,m
302,f
303,m
304,m
305,m
306,m
307,m
308,m
309,m
310,m
311,f
312,m
313,m
314,m
315,m
316,m
317,f
318,m
319,m
320,m
321,m
322,m
